/in/acet/test/mathematics-sectional-1	sectional test
/in/ap-ecet/test/computer-science-and-engineering-sectional-1	sectional test
/in/bitsat/test/mathematics-logical-reasoning-sectional-1	sectional test
/in/cmat/test/language-comprehension-sectional-1	sectional test
/in/ibps-clerk/test/mains-quantitative-aptitude-sectional-1	sectional test
/in/ibps-rrb-office-assistant/test/prelims-numerical-ability-sectional-2	sectional test
/in/ibsat/test/quantitative-aptitude-sectional-1	sectional test
/in/jain-jet/test/english-sectional-1	sectional test
/in/jipmat/test/data-interpretation-logical-reasoning-sectional-1	sectional test
/in/lic-aao/test/prelims-quantitative-aptitude-sectional-2	sectional test
/in/met/test/mathematics-sectional-2	sectional test
/in/nchm-jee/test/english-language-sectional-1	sectional test
/in/nism/test/series-v-a-nav-and-returns-calculations-sectional-1	sectional test
/in/rbi-grade-b/test/phase-1-english-language-sectional-1	sectional test
/in/rrb-alp/test/cbt-2-mathematics-sectional-1	sectional test
/in/rrb-ntpc/test/cbt-2-general-intelligence-reasoning-sectional-1	sectional test
/in/sat/test/reading-and-writing-standard-english-conventions-sectional-1	sectional test
/in/sebi-grade-a/test/phase-1-paper-1-quantitative-aptitude-sectional-1	sectional test
/in/slat/test/reading-comprehension-sectional-1	sectional test
/in/ssc-cgl/test/tier-2-english-language-comprehension-sectional-2	sectional test
/in/ssc-cpo/test/paper-1-general-knowledge-general-awareness-sectional-2	sectional test
/in/ssc-selection-post/test/higher-secondary-cbe-english-language-sectional-2	sectional test
/in/tg-ecet/test/computer-science-and-engineering-sectional-1	sectional test
/in/upsc-cse/test/paper-2-logical-reasoning-sectional-1	sectional test
/in/acet/test/mathematics-and-statistics-full-mock-1	full mock test
/in/aibe/test/full-bank-full-mock-2	full mock test
/in/ap-pgecet/test/csit-full-mock-2	full mock test
/in/cat/test/varc-dilr-qa-full-mock-1	full mock test
/in/ctet/test/paper-1-primary-en-hi-full-mock-1	full mock test
/in/fmge/test/part-b-full-mock-1	full mock test
/in/ibps-clerk/test/mains-full-mock-2	full mock test
/in/ibps-rrb-office-assistant/test/prelims-full-mock-2	full mock test
/in/icar-aieea-pg/test/agronomy-full-mock-2	full mock test
/in/jcece/test/pcm-full-mock-1	full mock test
/in/jharkhand-pece/test/polytechnic-engineering-full-mock-1	full mock test
/in/lic-aao/test/mains-full-mock-2	full mock test
/in/mh-cet-law/test/legal-logical-english-mathematics-full-mock-1	full mock test
/in/nchm-jee/test/bsc-hha-full-mock-1	full mock test
/in/nism/test/series-v-a-mutual-fund-distributors-full-mock-1	full mock test
/in/rbi-grade-b/test/phase-1-full-mock-1	full mock test
/in/rrb-group-d/test/cbt-full-mock-1	full mock test
/in/rrb-technician/test/grade-3-full-mock-1	full mock test
/in/sbi-po/test/prelims-full-mock-2	full mock test
/in/slat/test/logical-legal-analytical-reading-full-mock-1	full mock test
/in/ssc-cht/test/paper-1-full-mock-1	full mock test
/in/ssc-selection-post/test/graduation-cbe-full-mock-1	full mock test
/in/territorial-army/test/reasoning-and-english-full-mock-1	full mock test
/in/upsc-cse/test/paper-1-full-mock-1	full mock test
/in/aeee/test/full-mock-1	other test
/in/aeee/test/full-mock-2	other test
/in/assam-cee/test/full-mock-1	other test
/in/cg-pet/test/full-mock-1	other test
/in/chandigarh-cucet/test/full-mock-1	other test
/in/comedk-uget/test/full-mock-1	other test
/in/ibps-so/test/mains-full-mock-agriculture-1	other test
/in/ibps-so/test/mains-full-mock-hr-1	other test
/in/ibps-so/test/mains-full-mock-marketing-1	other test
/in/ibps-so/test/mains-full-mock-marketing-2	other test
/in/imu-cet/test/full-mock-1	other test
/in/kcet/test/engineering-chemistry-paper-practice-1	other test
/in/kcet/test/engineering-mathematics-paper-practice-1	other test
/in/kcet/test/engineering-mathematics-paper-practice-2	other test
/in/kcet/test/engineering-physics-paper-practice-2	other test
/in/met/test/full-mock-2	other test
/in/nmims-cet/test/full-mock-1	other test
/in/rrb-je/test/cbt2-full-mock-civil-1	other test
/in/rrb-je/test/cbt2-full-mock-mechanical-1	other test
/in/saeee/test/full-mock-1	other test
/in/srmjeee/test/full-mock-1	other test
/in/srmjeee/test/full-mock-2	other test
/in/upeseat/test/full-mock-1	other test
/in/viteee/test/full-mock-2	other test
/in/practice/active-and-passive-voice	topic practice
/in/practice/antonyms	topic practice
/in/practice/classification	topic practice
/in/practice/compound-interest	topic practice
/in/practice/direct-and-indirect-speech	topic practice
/in/practice/fill-in-the-blanks	topic practice
/in/practice/number-system	topic practice
/in/practice/percentage	topic practice
/in/practice/profit-and-loss	topic practice
/in/practice/reading-comprehension	topic practice
/in/practice/simple-interest	topic practice
/in/practice/syllogism	topic practice
/ng/practice/active-and-passive-voice	topic practice
/ng/practice/antonyms	topic practice
/ng/practice/classification	topic practice
/ng/practice/compound-interest	topic practice
/ng/practice/direct-and-indirect-speech	topic practice
/ng/practice/fill-in-the-blanks	topic practice
/ng/practice/number-system	topic practice
/ng/practice/percentage	topic practice
/ng/practice/profit-and-loss	topic practice
/ng/practice/reading-comprehension	topic practice
/ng/practice/simple-interest	topic practice
/ng/practice/syllogism	topic practice
/in/blog/age-limit-and-attempts-explained	blog post
/in/blog/assam-cee-2026-exam-pattern-explained	blog post
/in/blog/building-vocabulary-without-rote-memorization	blog post
/in/blog/cat-vs-mat-vs-cmat-choosing-your-mba-entrance	blog post
/in/blog/coaching-vs-self-study	blog post
/in/blog/cusat-cat-2026-what-to-expect	blog post
/in/blog/exam-day-checklist-what-to-carry	blog post
/in/blog/group-study-vs-solo-study	blog post
/in/blog/how-to-build-a-study-timetable	blog post
/in/blog/how-to-handle-exam-day-anxiety	blog post
/in/blog/ielts-vs-toefl-vs-pte-picking-your-english-test	blog post
/in/blog/lic-aao-vs-niacl-ao-choosing-your-insurance-sector-exam	blog post
/in/blog/nda-vs-cds-vs-afcat-choosing-your-defence-entry	blog post
/in/blog/preparing-for-exams-while-working-a-job	blog post
/in/blog/qualifying-vs-merit-sections-banking-exams	blog post
/in/blog/revising-in-the-final-week-before-your-exam	blog post
/in/blog/rrb-je-cbt2-civil-vs-mechanical	blog post
/in/blog/rrb-technician-grade-1-signal-vs-grade-3	blog post
/in/blog/sectional-lock-vs-composite-timer	blog post
/in/blog/spaced-repetition-how-to-actually-remember-what-you-study	blog post
/in/blog/ssc-cgl-vs-chsl-vs-mts-choosing-the-right-ssc-exam	blog post
/in/blog/ssc-je-paper-1-only-a-quarter-of-the-exam	blog post
/in/blog/ssc-stenographer-grade-c-vs-grade-d	blog post
/in/blog/understanding-cutoffs-and-percentile	blog post
/in/exam-updates/gate-2027-registration-opening-awaited	exam update
/in/exam-updates/ibps-clerk-csa-15-main-result-chandigarh-2026	exam update
/in/exam-updates/ibps-clerk-csa-16-notification-2026	exam update
/in/exam-updates/ibps-po-16-vacancy-corrigendum-august-2026	exam update
/in/exam-updates/ibps-po-crp-16-notification-2026	exam update
/in/exam-updates/ibps-po-crp-16-prelims-call-letter-2026	exam update
/in/exam-updates/ibps-rrb-14-officer-reserve-list-august-2026	exam update
/in/exam-updates/ibps-so-16-vacancy-corrigendum-august-2026	exam update
/in/exam-updates/mat-september-2026-registration-and-test-dates	exam update
/in/exam-updates/rrb-je-cbt-2-tentative-exam-schedule-2026	exam update
/in/exam-updates/rrb-ntpc-cbt-1-answer-key-response-sheet-2026	exam update
/in/exam-updates/ssc-selection-post-phase-14-exam-date-2026	exam update
/in/exam-updates/ssc-selection-post-phase-14-vocational-instructor-corrigendum-2026	exam update
/in/exam-updates/ssc-stenographer-grade-c-d-2026-notification	exam update
/in/exam-updates/upsc-cds-2-notification-2026	exam update
/in/exam-updates/upsc-cse-main-application-confirmation-window-2026	exam update
/in/exam-updates/upsc-cse-main-examination-timetable-2026	exam update
/in/exam-updates/upsc-cse-preliminary-written-result-2026	exam update
/in/exam-updates/upsc-nda-2-notification-2026	exam update
/in/acet/mock-test	mock-test hub
/in/aibe/mock-test	mock-test hub
/in/ap-lawcet/mock-test	mock-test hub
/in/bihar-dcece/mock-test	mock-test hub
/in/ceed/mock-test	mock-test hub
/in/comedk-uget/mock-test	mock-test hub
/in/dnb-pdcet/mock-test	mock-test hub
/in/gujcet/mock-test	mock-test hub
/in/ibsat/mock-test	mock-test hub
/in/imu-cet/mock-test	mock-test hub
/in/jcece/mock-test	mock-test hub
/in/jipmat/mock-test	mock-test hub
/in/ksdat/mock-test	mock-test hub
/in/mat/mock-test	mock-test hub
/in/mit-wpu-cet/mock-test	mock-test hub
/in/neet-ug/mock-test	mock-test hub
/in/nmims-cet/mock-test	mock-test hub
/in/rbi-grade-b/mock-test	mock-test hub
/in/rrb-paramedical/mock-test	mock-test hub
/in/sidbi-grade-a-b/mock-test	mock-test hub
/in/ssc-cht/mock-test	mock-test hub
/in/state-set/mock-test	mock-test hub
/in/tifr-gs/mock-test	mock-test hub
/in/uttarakhand-jeep/mock-test	mock-test hub
/in/acet/exam-pattern	exam-pattern
/in/aiapget/exam-pattern	exam-pattern
/in/ap-eapcet/exam-pattern	exam-pattern
/in/bits-hd/exam-pattern	exam-pattern
/in/cds/exam-pattern	exam-pattern
/in/comedk-uget/exam-pattern	exam-pattern
/in/dnb-pdcet/exam-pattern	exam-pattern
/in/ibps-clerk/exam-pattern	exam-pattern
/in/icar-aieea-pg/exam-pattern	exam-pattern
/in/jain-jet/exam-pattern	exam-pattern
/in/jeecup/exam-pattern	exam-pattern
/in/kerala-mca/exam-pattern	exam-pattern
/in/mah-mba-cet/exam-pattern	exam-pattern
/in/mh-cet-law-3-year/exam-pattern	exam-pattern
/in/nchm-jee/exam-pattern	exam-pattern
/in/niper-jee/exam-pattern	exam-pattern
/in/ojee/exam-pattern	exam-pattern
/in/rpf-si/exam-pattern	exam-pattern
/in/rrb-technician/exam-pattern	exam-pattern
/in/sebi-grade-a/exam-pattern	exam-pattern
/in/ssc-cgl/exam-pattern	exam-pattern
/in/ssc-mts/exam-pattern	exam-pattern
/in/territorial-army/exam-pattern	exam-pattern
/in/ugc-net/exam-pattern	exam-pattern
/in/ibps-clerk/syllabus	syllabus
/in/ibps-po/syllabus	syllabus
/in/rrb-group-d/syllabus	syllabus
/in/rrb-ntpc/syllabus	syllabus
/in/sbi-clerk/syllabus	syllabus
/in/sbi-po/syllabus	syllabus
/in/ssc-cgl/syllabus	syllabus
/in/ssc-chsl/syllabus	syllabus
/in/ssc-cpo/syllabus	syllabus
/in/ssc-gd-constable/syllabus	syllabus
/in/ssc-mts/syllabus	syllabus
/in/upsc-cse/syllabus	syllabus
/ng/jamb/syllabus	syllabus
/in/about	exam hub
/in/aibe	exam hub
/in/ap-lawcet	exam hub
/in/bihar-dcece	exam hub
/in/ceed	exam hub
/in/comedk-uget	exam hub
/in/dnb-pdcet	exam hub
/in/gre	exam hub
/in/ibps-so	exam hub
/in/imu-cet	exam hub
/in/jcece	exam hub
/in/kcet	exam hub
/in/lic-aao	exam hub
/in/mat	exam hub
/in/nabard-grade-a	exam hub
/in/nerist-nee	exam hub
/in/oet	exam hub
/in/rpf-constable	exam hub
/in/saeee	exam hub
/in/slat	exam hub
/in/ssc-gd-constable	exam hub
/in/tg-eapcet	exam hub
/in/uceed	exam hub
/in/wb-jelet	exam hub
/in	other
/in/exams/defence	other
/in/exams/engineering	other
/in/exams/management	other
/in/exams/study-abroad	other
/in/exams/university-science	other
/in/ibps-clerk/similar-tests	other
/in/ibps-po/selection-process	other
/in/ibps-rrb-officer-scale-1/similar-tests	other
/in/rbi-assistant/similar-tests	other
/in/rpf-si/similar-tests	other
/in/rrb-group-d/similar-tests	other
/in/sbi-clerk/eligibility	other
/in/sbi-clerk/similar-tests	other
/in/sbi-po/similar-tests	other
/in/ssc-cgl/answer-key	other
/in/ssc-cgl/eligibility	other
/in/ssc-cgl/result	other
/in/ssc-cgl/selection-process	other
/in/ssc-chsl/selection-process	other
/in/ssc-cpo/eligibility	other
/in/ssc-gd-constable/eligibility	other
/in/ssc-mts/selection-process	other
/ng/exams/university-admission	other
